{
  "IsEncrypted": false,
  "Values": {
    "AzureWebJobsStorage": "UseDevelopmentStorage=true",
    "AzureWebJobsDashboard": "UseDevelopmentStorage=true",
    "AzureSignalRConnectionString": "Endpoint=https://px-awe-sbx-pseweb-signalr.service.signalr.net;AccessKey=LVkh7/I/ImZqEj/zJ9Gv1Gvdk+vboJPWCujwGM+N3xE=;Version=1.0;",
    "AzureWebJobsCosmosDBConnectionString": "AccountEndpoint=https://pxl-awe-sbx-psecdb.documents.azure.com:443/;AccountKey=aeQLiiSF8LEb0fN245cE9HCtfWLrnLB8CaopoGhhnLLZp1LCQKTIXZHjdFk42KXbLXx5tiaJbHhwcqqsBwLlGg==;",
    "AzureBlobStorageConnectionString": "DefaultEndpointsProtocol=https;AccountName=pxlawesbxpsestrblob;AccountKey=85k5gfcTNFWlxcefzYjR41qReaKRaFiBPSBDiSIREETginHKU9EVjqTQUfdFpCYHgWES106NaDe83BZXeK/kkA==;EndpointSuffix=core.windows.net",
    "AzureCosmosDatabase": "PatientDirect",
    "AzureCosmosCollection": "signalr-collection",
    "AzureBlobContainer": "signalr-container",
    "NoninHubName": "nonin3230",
    "FUNCTIONS_WORKER_RUNTIME": "dotnet"
  },
  "Host": {
      "LocalHttpPort": 7071,
      "CORS": "*"
  }
}